{
	"info": {
		"_postman_id": "72c1ef39-68f0-40cb-9e11-2bdc49285495",
		"name": "TODOS",
		"schema": "https://schema.getpostman.com/json/collection/v2.1.0/collection.json",
		"_exporter_id": "8636249",
		"_collection_link": "https://peluca-team.postman.co/workspace/SAWA-PEC~d00680c3-620b-4b3b-ac7b-70269d6f2e13/collection/8636249-72c1ef39-68f0-40cb-9e11-2bdc49285495?action=share&source=collection_link&creator=8636249"
	},
	"item": [
		{
			"name": "Create TODO",
			"request": {
				"method": "POST",
				"header": [],
				"body": {
					"mode": "raw",
					"raw": "{\n    \"title\": \"string\",\n    \"description\": \"string\",\n    \"dueDate\": \"2023-09-08T08:17:24.928Z\",\n    \"state\": \"TODO\",\n    \"active\": true,\n    \"priority\": \"LOW\",\n    \"author\": \"string\"\n}",
					"options": {
						"raw": {
							"language": "json"
						}
					}
				},
				"url": {
					"raw": "localhost:8080/api/todos",
					"host": [
						"localhost"
					],
					"port": "8080",
					"path": [
						"api",
						"todos"
					]
				}
			},
			"response": []
		},
		{
			"name": "Update TODO",
			"request": {
				"method": "PUT",
				"header": [],
				"body": {
					"mode": "raw",
					"raw": "{\n    \"title\": \"title\",\n    \"description\": \"description\"\n}",
					"options": {
						"raw": {
							"language": "json"
						}
					}
				},
				"url": {
					"raw": "localhost:8080/api/todos/ad7e1736-dc78-47b6-afd3-9b4d0b6c8036",
					"host": [
						"localhost"
					],
					"port": "8080",
					"path": [
						"api",
						"todos",
						"ad7e1736-dc78-47b6-afd3-9b4d0b6c8036"
					]
				}
			},
			"response": []
		},
		{
			"name": "Get TODO",
			"request": {
				"method": "GET",
				"header": [],
				"url": {
					"raw": "localhost:8080/api/todos/ad7e1736-dc78-47b6-afd3-9b4d0b6c8036",
					"host": [
						"localhost"
					],
					"port": "8080",
					"path": [
						"api",
						"todos",
						"ad7e1736-dc78-47b6-afd3-9b4d0b6c8036"
					]
				}
			},
			"response": []
		},
		{
			"name": "Get All TODOS",
			"request": {
				"method": "GET",
				"header": [],
				"url": {
					"raw": "localhost:8080/api/todos",
					"host": [
						"localhost"
					],
					"port": "8080",
					"path": [
						"api",
						"todos"
					]
				}
			},
			"response": []
		},
		{
			"name": "Delete TODO",
			"request": {
				"method": "DELETE",
				"header": [],
				"url": {
					"raw": "localhost:8080/api/todos/7f0f4a6a-87f9-4be9-853c-fe0d331908bc",
					"host": [
						"localhost"
					],
					"port": "8080",
					"path": [
						"api",
						"todos",
						"7f0f4a6a-87f9-4be9-853c-fe0d331908bc"
					]
				}
			},
			"response": []
		}
	]
}